{
	"format_version": "1.8.0",
	"animations": {
		"animation.mercenary_viking_spear.idle": {
			"loop": true,
			"animation_length": 3.64,
			"bones": {
				"rightLeg": {
					"rotation": [0, 0, 2]
				},
				"leftLeg": {
					"rotation": [0, 0, -2]
				},
				"bone": {
					"rotation": ["(math.cos(query.life_time * 103.2) * 1.865) + 0.865", 0, 0]
				},
				"leftArm": {
					"rotation": ["0+(math.cos(query.life_time * 103.2) * -0.5) + 0.5", 0, -2.5]
				},
				"leftArm2": {
					"rotation": [-22.5, 0, 0]
				},
				"shield": {
					"rotation": [22.5, 0, 0]
				},
				"rightArm": {
					"rotation": [0, 0, 5]
				},
				"rightArm2": {
					"rotation": [-7.5, 0, 0]
				},
				"spear": {
					"rotation": [0, 5, 0]
				}
			}
		},
		"animation.mercenary_viking_spear.move_target": {
			"loop": true,
			"animation_length": 1.64,
			"bones": {
				"body": {
					"rotation": {
						"0.0": [7.5, -2.5, 0],
						"0.8": [7.5, 2.5, 0],
						"1.6": [7.5, -2.5, 0]
					},
					"position": {
						"0.0": [0, -0.5, 0],
						"0.4": [0, 0, 0],
						"0.8": [0, -0.5, 0],
						"1.2": [0, 0, 0],
						"1.6": [0, -0.5, 0]
					}
				},
				"head": {
					"rotation": {
						"0.0": [0, 0, -1.5],
						"0.8": [0, 0, 1.5],
						"1.6": [0, 0, -1.5]
					}
				},
				"leftArm": {
					"rotation": [-27.02316, 5.60899, 1.73126]
				},
				"leftArm2": {
					"rotation": [-17.40118, 39.40865, 63.72592],
					"position": [3, 0, 0]
				},
				"rightArm": {
					"rotation": [24.85768, -2.83912, 9.28046]
				},
				"rightArm2": {
					"rotation": [-32.5, 0, 0]
				},
				"rightLeg": {
					"rotation": {
						"0.0": [14.99306, -0.32064, 2.93627],
						"0.4": [0.01433, 0.32779, 1.0207],
						"0.8": [-14.96537, 0.97626, 2.93517],
						"1.2": [0.01439, 0.32969, 1.02],
						"1.6": [14.99317, -0.31685, 2.93487]
					},
					"position": [0, 0, 1.5]
				},
				"rightLeg2": {
					"rotation": {
						"0.0": [7.5, 0, 0],
						"0.4": [11.25, 0, 0],
						"0.8": [15, 0, 0],
						"1.6": [7.5, 0, 0]
					}
				},
				"leftLeg": {
					"rotation": {
						"0.0": [-14.99306, -0.32064, -2.93627],
						"0.4": [-0.01433, 0.32779, -1.5007],
						"0.8": [14.96537, 0.97626, -2.89519],
						"1.2": [-0.01439, 0.32969, -1.5],
						"1.6": [-14.99302, -0.32065, -2.93628]
					},
					"position": [0, 0, 1.5]
				},
				"leftLeg2": {
					"rotation": {
						"0.0": [15, 0, 0],
						"0.8": [7.5, 0, 0],
						"1.2": [11.25, 0, 0],
						"1.6": [15, 0, 0]
					}
				},
				"hair3": {
					"rotation": [0, 0, "(math.cos(query.life_time * 103.2) * -2.865) + 2.865"]
				},
				"hair4": {
					"rotation": [0, 0, "(math.cos(query.life_time * 103.2) * 2.865) + -2.865"]
				},
				"hair5": {
					"rotation": [0, 0, "(math.cos(query.life_time * 103.2) * 2.865) + -2.865"]
				},
				"hair6": {
					"rotation": [0, 0, "(math.cos(query.life_time * 103.2) * -2.865) + 2.865"]
				},
				"hair7": {
					"rotation": [0, 0, "(math.cos(query.life_time * 103.2) * -2.865) + -2.865"]
				},
				"hair8": {
					"rotation": [0, 0, "(math.cos(query.life_time * 103.2) * -2.865) + 2.865"]
				},
				"hair9": {
					"rotation": [0, 0, "(math.cos(query.life_time * 103.2) * -2.865) + 2.865"]
				},
				"hair10": {
					"rotation": [0, 0, "(math.cos(query.life_time * 103.2) * -2.865) + 2.865"]
				},
				"hair11": {
					"rotation": [0, 0, "(math.cos(query.life_time * 103.2) * 2.865) + -2.865"]
				},
				"hair12": {
					"rotation": [0, 0, "(math.cos(query.life_time * 103.2) * -2.865) + 2.865"]
				},
				"hair13": {
					"rotation": [0, 0, "(math.cos(query.life_time * 103.2) * 2.865) + -2.865"]
				},
				"hair14": {
					"rotation": [0, 0, "(math.cos(query.life_time * 103.2) * 2.865) + -2.865"]
				},
				"hair15": {
					"rotation": [0, 0, "(math.cos(query.life_time * 103.2) * 2.865) + 2.865"]
				},
				"hair16": {
					"rotation": [0, 0, "(math.cos(query.life_time * 103.2) * 2.865) + -2.865"]
				},
				"hair17": {
					"rotation": [0, 0, "(math.cos(query.life_time * 103.2) * -2.865) + 2.865"]
				},
				"hair18": {
					"rotation": [0, 0, "(math.cos(query.life_time * 103.2) * -2.865) + 2.865"]
				},
				"shield": {
					"rotation": [89.42388, 26.55152, -0.53732],
					"position": [1, -2, 0]
				},
				"cape": {
					"rotation": [10, 0, 0],
					"position": [0, 1, 0]
				},
				"bone": {
					"rotation": [0, 0, 0]
				},
				"bone3": {
					"rotation": [-12.5, 0, 0]
				},
				"bone5": {
					"rotation": {
						"0.0": [-5, 0, 0],
						"0.4": [-17.5, 0, 0],
						"0.8": [-5, 0, 0],
						"1.2": [-15, 0, 0],
						"1.6": [-2.5, 0, 0]
					}
				},
				"bone6": {
					"rotation": [12.5, 0, 0]
				}
			}
		},
		"animation.mercenary_viking_spear.attack": {
			"loop": true,
			"animation_length": 0.4,
			"bones": {
				"body": {
					"rotation": [7.5, -2.5, 0],
					"position": [0, -0.5, 0]
				},
				"head": {
					"rotation": {
						"0.0": [0, 0, -1.5],
						"0.2": [0, 0, 1.5]
					}
				},
				"leftArm": {
					"rotation": [-27.02316, 5.60899, 1.73126]
				},
				"leftArm2": {
					"rotation": {
						"0.0": [-15.40533, 40.11485, 66.84588],
						"0.4": [-22.93393, 36.81662, 54.77535]
					},
					"position": [3, 0, 0]
				},
				"rightArm": {
					"rotation": {
						"0.0": [24.85768, -2.83912, 9.28046],
						"0.4": [-37.64, -2.84, 9.28]
					}
				},
				"rightArm2": {
					"rotation": {
						"0.0": [-32.5, 0, 0],
						"0.4": [-2.5, 0, 0]
					}
				},
				"rightLeg": {
					"rotation": [-14.96537, 0.97626, 2.93517],
					"position": [0, 0, 1.5]
				},
				"rightLeg2": {
					"rotation": [15, 0, 0]
				},
				"leftLeg": {
					"rotation": [14.96537, 0.97626, -2.89519],
					"position": [0, 0, 1.5]
				},
				"leftLeg2": {
					"rotation": [7.5, 0, 0]
				},
				"hair3": {
					"rotation": [0, 0, "(math.cos(query.life_time * 103.2) * -2.865) + 2.865"]
				},
				"hair4": {
					"rotation": [0, 0, "(math.cos(query.life_time * 103.2) * 2.865) + -2.865"]
				},
				"hair5": {
					"rotation": [0, 0, "(math.cos(query.life_time * 103.2) * 2.865) + -2.865"]
				},
				"hair6": {
					"rotation": [0, 0, "(math.cos(query.life_time * 103.2) * -2.865) + 2.865"]
				},
				"hair7": {
					"rotation": [0, 0, "(math.cos(query.life_time * 103.2) * -2.865) + -2.865"]
				},
				"hair8": {
					"rotation": [0, 0, "(math.cos(query.life_time * 103.2) * -2.865) + 2.865"]
				},
				"hair9": {
					"rotation": [0, 0, "(math.cos(query.life_time * 103.2) * -2.865) + 2.865"]
				},
				"hair10": {
					"rotation": [0, 0, "(math.cos(query.life_time * 103.2) * -2.865) + 2.865"]
				},
				"hair11": {
					"rotation": [0, 0, "(math.cos(query.life_time * 103.2) * 2.865) + -2.865"]
				},
				"hair12": {
					"rotation": [0, 0, "(math.cos(query.life_time * 103.2) * -2.865) + 2.865"]
				},
				"hair13": {
					"rotation": [0, 0, "(math.cos(query.life_time * 103.2) * 2.865) + -2.865"]
				},
				"hair14": {
					"rotation": [0, 0, "(math.cos(query.life_time * 103.2) * 2.865) + -2.865"]
				},
				"hair15": {
					"rotation": [0, 0, "(math.cos(query.life_time * 103.2) * 2.865) + 2.865"]
				},
				"hair16": {
					"rotation": [0, 0, "(math.cos(query.life_time * 103.2) * 2.865) + -2.865"]
				},
				"hair17": {
					"rotation": [0, 0, "(math.cos(query.life_time * 103.2) * -2.865) + 2.865"]
				},
				"hair18": {
					"rotation": [0, 0, "(math.cos(query.life_time * 103.2) * -2.865) + 2.865"]
				},
				"shield": {
					"rotation": [89.42388, 26.55152, -0.53732],
					"position": [1, -2, 0]
				},
				"cape": {
					"rotation": [10, 0, 0],
					"position": [0, 1, 0]
				},
				"bone": {
					"rotation": [0, 0, 0]
				},
				"bone3": {
					"rotation": [-12.5, 0, 0]
				},
				"bone5": {
					"rotation": [-5, 0, 0]
				},
				"bone6": {
					"rotation": [12.5, 0, 0]
				},
				"spear": {
					"rotation": {
						"0.0": [0, 0, 0],
						"0.4": [32.5, 0, 0]
					},
					"position": {
						"0.0": [0, 0, 0],
						"0.4": [0, -1, 0]
					}
				}
			},
			"sound_effects": {
				"0.1": {
					"effect": "swing_sword"
				}
			}
		},